nodes,edges,density,avg_clustering,degree_centrality,connected_components,file_name
26,17,0.052307692307692305,0.0,0.052307692307692326,9,CPP_122.dot
19,12,0.07017543859649122,0.0,0.07017543859649124,7,CPP_121.dot
1,0,0.0,0.0,1.0,1,CPP_53.dot
17,11,0.08088235294117647,0.0,0.08088235294117647,6,CPP_80.dot
