nodes,edges,density,avg_clustering,degree_centrality,connected_components,file_name
28,20,0.05291005291005291,0.0,0.05291005291005287,8,CPP_91.dot
33,23,0.043560606060606064,0.0,0.043560606060606064,10,CPP_18.dot
