nodes,edges,density,avg_clustering,degree_centrality,connected_components,file_name
1,0,0.0,0.0,1.0,1,CPP_138.dot
1,0,0.0,0.0,1.0,1,CPP_97.dot
24,16,0.057971014492753624,0.0,0.0579710144927536,8,CPP_78.dot
1,0,0.0,0.0,1.0,1,CPP_60.dot
26,17,0.052307692307692305,0.0,0.052307692307692326,9,CPP_66.dot
1,0,0.0,0.0,1.0,1,CPP_23.dot
1,0,0.0,0.0,1.0,1,CPP_41.dot
1,0,0.0,0.0,1.0,1,CPP_45.dot
16,10,0.08333333333333333,0.0,0.08333333333333333,6,CPP_151.dot
