nodes,edges,density,avg_clustering,degree_centrality,connected_components,file_name
52,41,0.03092006033182504,0.0,0.030920060331825004,11,CPP_28.dot
28,21,0.05555555555555555,0.0,0.05555555555555552,8,CPP_11.dot
56,44,0.02857142857142857,0.0,0.02857142857142853,12,CPP_27.dot
33,22,0.041666666666666664,0.0,0.041666666666666664,11,CPP_74.dot
26,17,0.052307692307692305,0.0,0.052307692307692326,9,CPP_122.dot
19,12,0.07017543859649122,0.0,0.07017543859649124,7,CPP_121.dot
1,0,0.0,0.0,1.0,1,CPP_53.dot
17,11,0.08088235294117647,0.0,0.08088235294117647,6,CPP_80.dot
