nodes,edges,density,avg_clustering,degree_centrality,connected_components,file_name
5,3,0.3,0.0,0.3,2,CPP_77.dot
5,3,0.3,0.0,0.3,2,CPP_71.dot
14,9,0.0989010989010989,0.0,0.09890109890109888,5,CPP_52.dot
5,3,0.3,0.0,0.3,2,CPP_92.dot
18,11,0.0718954248366013,0.0,0.07189542483660132,7,CPP_139.dot
12,8,0.12121212121212122,0.0,0.12121212121212117,4,CPP_39.dot
14,8,0.08791208791208792,0.0,0.08791208791208789,6,CPP_36.dot
